measure_id,measure_name,location_id,location_name,sex_id,sex_name,age_id,age_name,cause_id,cause_name,metric_id,metric_name,year,val,upper,lower
1,Deaths,22,Fiji,3,Both,22,All ages,297,Tuberculosis,3,Rate,2021,4.917595528418559,6.466205026978509,3.749569905164318
1,Deaths,39,Tajikistan,3,Both,22,All ages,297,Tuberculosis,3,Rate,2021,7.258181212538535,9.449655139234187,5.410075263832469
1,Deaths,7,Democratic People's Republic of Korea,3,Both,22,All ages,297,Tuberculosis,3,Rate,2021,41.71729703381415,57.99058103612056,29.43905670553609
1,Deaths,202,Cameroon,3,Both,22,All ages,297,Tuberculosis,3,Rate,2021,15.380479879611261,24.220244022024698,8.945807832990372
1,Deaths,55,Slovenia,3,Both,22,All ages,297,Tuberculosis,3,Rate,2021,0.3879635867923723,0.4389506593020657,0.3366263324920614
1,Deaths,105,Antigua and Barbuda,3,Both,22,All ages,297,Tuberculosis,3,Rate,2021,0.33184894297864903,0.353004279117769,0.3107880604835631
1,Deaths,40,Turkmenistan,3,Both,22,All ages,297,Tuberculosis,3,Rate,2021,7.139856858074465,9.195198645982552,5.520644556819293
1,Deaths,23,Kiribati,3,Both,22,All ages,297,Tuberculosis,3,Rate,2021,68.72027610597874,94.15334083433575,52.48594559027774
1,Deaths,170,Congo,3,Both,22,All ages,297,Tuberculosis,3,Rate,2021,35.41923827047818,52.653718926075136,21.749815613467085
1,Deaths,24,Marshall Islands,3,Both,22,All ages,297,Tuberculosis,3,Rate,2021,59.59961865956169,83.19760929955137,38.4095280172228
1,Deaths,72,New Zealand,3,Both,22,All ages,297,Tuberculosis,3,Rate,2021,0.10888508705064623,0.11871275345532044,0.09534189888984952
1,Deaths,57,Belarus,3,Both,22,All ages,297,Tuberculosis,3,Rate,2021,2.444511686443236,2.9797558486916826,1.9335157234350056
1,Deaths,171,Democratic Republic of the Congo,3,Both,22,All ages,297,Tuberculosis,3,Rate,2021,53.282305152762696,86.18024505385682,35.99433666839632
1,Deaths,205,Côte d'Ivoire,3,Both,22,All ages,297,Tuberculosis,3,Rate,2021,17.028442303179467,25.383101503800784,11.623513485084262
1,Deaths,89,Netherlands,3,Both,22,All ages,297,Tuberculosis,3,Rate,2021,0.4538517549169018,0.4981033458710519,0.3889512851255052
1,Deaths,204,Chad,3,Both,22,All ages,297,Tuberculosis,3,Rate,2021,35.53137238751963,47.51406945285262,25.18325919866054
1,Deaths,106,Bahamas,3,Both,22,All ages,297,Tuberculosis,3,Rate,2021,1.4561322859676507,1.8198267640645558,1.1654252494818949
1,Deaths,122,Ecuador,3,Both,22,All ages,297,Tuberculosis,3,Rate,2021,2.522809333405992,3.098184094913607,2.02192680237682
1,Deaths,367,Monaco,3,Both,22,All ages,297,Tuberculosis,3,Rate,2021,1.480082748961042,1.86216585924629,1.121069902436093
1,Deaths,369,Nauru,3,Both,22,All ages,297,Tuberculosis,3,Rate,2021,18.59273559014441,25.747062896836283,12.253293293287848
1,Deaths,58,Estonia,3,Both,22,All ages,297,Tuberculosis,3,Rate,2021,1.42463713628394,1.6184664137044464,1.2418323619177605
1,Deaths,25,Micronesia (Federated States of),3,Both,22,All ages,297,Tuberculosis,3,Rate,2021,11.585702894856981,16.041581969999875,8.292574855346079
1,Deaths,123,Peru,3,Both,22,All ages,297,Tuberculosis,3,Rate,2021,6.621524341378975,8.934309146065884,4.847969459994217
1,Deaths,374,Niue,3,Both,22,All ages,297,Tuberculosis,3,Rate,2021,6.200906689511656,7.921439574859808,4.715564750144556
1,Deaths,10,Cambodia,3,Both,22,All ages,297,Tuberculosis,3,Rate,2021,38.784808841766335,56.953196499427214,24.97637569443411
1,Deaths,88,Malta,3,Both,22,All ages,297,Tuberculosis,3,Rate,2021,0.18589648666531994,0.20898284018222094,0.1619501584320298
1,Deaths,121,Bolivia (Plurinational State of),3,Both,22,All ages,297,Tuberculosis,3,Rate,2021,12.516786931608006,17.40835375795714,8.651598984857603
1,Deaths,190,Uganda,3,Both,22,All ages,297,Tuberculosis,3,Rate,2021,27.287905565967865,37.81786803165447,20.189602075945512
1,Deaths,26,Papua New Guinea,3,Both,22,All ages,297,Tuberculosis,3,Rate,2021,24.660832177161815,31.08431926280159,19.496787990334884
1,Deaths,153,Syrian Arab Republic,3,Both,22,All ages,297,Tuberculosis,3,Rate,2021,0.6995757873823115,1.0026292500369796,0.49929020959160475
1,Deaths,8,Taiwan (Province of China),3,Both,22,All ages,297,Tuberculosis,3,Rate,2021,2.9265304976630064,3.2027866115483836,2.5813942674405346
1,Deaths,43,Albania,3,Both,22,All ages,297,Tuberculosis,3,Rate,2021,1.3208780899475858,2.1635639935693547,0.8781941207565409
1,Deaths,74,Andorra,3,Both,22,All ages,297,Tuberculosis,3,Rate,2021,0.1288444251993765,0.17331217775789765,0.09062041627897435
1,Deaths,157,Yemen,3,Both,22,All ages,297,Tuberculosis,3,Rate,2021,2.59146622143392,4.065484431327138,1.606887992529906
1,Deaths,59,Latvia,3,Both,22,All ages,297,Tuberculosis,3,Rate,2021,2.2815848865511943,2.5370966276542894,2.0028390978587285
1,Deaths,12,Lao People's Democratic Republic,3,Both,22,All ages,297,Tuberculosis,3,Rate,2021,24.016611777168634,33.82271084976474,14.255392263352643
1,Deaths,156,United Arab Emirates,3,Both,22,All ages,297,Tuberculosis,3,Rate,2021,0.34799854474408626,0.5754448294200878,0.1386219609621616
1,Deaths,41,Uzbekistan,3,Both,22,All ages,297,Tuberculosis,3,Rate,2021,3.947609546756964,4.576691367346113,3.3858792725107176
1,Deaths,11,Indonesia,3,Both,22,All ages,297,Tuberculosis,3,Rate,2021,31.352560318195007,37.84199993268947,25.546119615037384
1,Deaths,154,Tunisia,3,Both,22,All ages,297,Tuberculosis,3,Rate,2021,1.95567266699391,3.188669942143136,1.2894255370477783
1,Deaths,191,Zambia,3,Both,22,All ages,297,Tuberculosis,3,Rate,2021,15.138617748440556,23.515201921182477,9.229624005117577
1,Deaths,27,Samoa,3,Both,22,All ages,297,Tuberculosis,3,Rate,2021,6.565447945627928,8.863736492659317,5.033040907581185
1,Deaths,76,Belgium,3,Both,22,All ages,297,Tuberculosis,3,Rate,2021,0.5156110814444441,0.5691361191750293,0.4527280452216063
1,Deaths,44,Bosnia and Herzegovina,3,Both,22,All ages,297,Tuberculosis,3,Rate,2021,3.368519717313345,4.267585448892924,2.6115593078940424
1,Deaths,90,Norway,3,Both,22,All ages,297,Tuberculosis,3,Rate,2021,0.7979021464183951,0.8728971776917553,0.6807545692136983
1,Deaths,77,Cyprus,3,Both,22,All ages,297,Tuberculosis,3,Rate,2021,0.4865801805628623,0.6000701202014792,0.3949224163794685
1,Deaths,109,Cuba,3,Both,22,All ages,297,Tuberculosis,3,Rate,2021,0.28179697242467644,0.3221723838686281,0.2413185005517143
1,Deaths,61,Republic of Moldova,3,Both,22,All ages,297,Tuberculosis,3,Rate,2021,3.709568165913256,4.180404325306634,3.3277112234740356
1,Deaths,108,Belize,3,Both,22,All ages,297,Tuberculosis,3,Rate,2021,2.6525036520156124,2.9819036664280643,2.336643163710637
1,Deaths,28,Solomon Islands,3,Both,22,All ages,297,Tuberculosis,3,Rate,2021,11.043556359705239,14.846117833738067,8.403943143888931
1,Deaths,107,Barbados,3,Both,22,All ages,297,Tuberculosis,3,Rate,2021,0.5305431179944795,0.6642592981876607,0.4140757486151334
1,Deaths,208,Guinea,3,Both,22,All ages,297,Tuberculosis,3,Rate,2021,22.765931686235152,33.28310970038171,16.052359597503745
1,Deaths,385,Puerto Rico,3,Both,22,All ages,297,Tuberculosis,3,Rate,2021,0.4741916779823185,0.5551442154558826,0.3957146336350748
1,Deaths,60,Lithuania,3,Both,22,All ages,297,Tuberculosis,3,Rate,2021,3.4599071384918227,3.8523363316689765,3.0554050431013784
1,Deaths,94,Switzerland,3,Both,22,All ages,297,Tuberculosis,3,Rate,2021,0.34492534184815155,0.3830119170812965,0.2854928516087904
1,Deaths,127,El Salvador,3,Both,22,All ages,297,Tuberculosis,3,Rate,2021,3.1869538263114197,4.163546413745264,2.4888441608956575
1,Deaths,14,Maldives,3,Both,22,All ages,297,Tuberculosis,3,Rate,2021,3.7633606558829915,4.8265035275880495,2.897326618873972
1,Deaths,175,Burundi,3,Both,22,All ages,297,Tuberculosis,3,Rate,2021,51.9107857245546,67.99748482563307,38.20291120724892
1,Deaths,30,Vanuatu,3,Both,22,All ages,297,Tuberculosis,3,Rate,2021,11.179233677273157,16.19838047093372,6.74545565728709
1,Deaths,210,Liberia,3,Both,22,All ages,297,Tuberculosis,3,Rate,2021,14.65952450573952,27.253736581447185,8.980473375776342
1,Deaths,110,Dominica,3,Both,22,All ages,297,Tuberculosis,3,Rate,2021,3.63502037770786,4.819453924298378,2.804746738155118
1,Deaths,45,Bulgaria,3,Both,22,All ages,297,Tuberculosis,3,Rate,2021,1.2781805494041514,1.4762217217392466,1.1102457644613253
1,Deaths,92,Spain,3,Both,22,All ages,297,Tuberculosis,3,Rate,2021,0.6860943039578894,0.7603066120757894,0.5904422939643115
1,Deaths,125,Colombia,3,Both,22,All ages,297,Tuberculosis,3,Rate,2021,2.0519956109922064,2.4519892630002014,1.7119531824414087
1,Deaths,380,Palau,3,Both,22,All ages,297,Tuberculosis,3,Rate,2021,8.058977155215073,10.282033678168967,6.29270239674152
1,Deaths,62,Russian Federation,3,Both,22,All ages,297,Tuberculosis,3,Rate,2021,3.8228742561031526,4.130202922485174,3.4939423136772643
1,Deaths,194,Lesotho,3,Both,22,All ages,297,Tuberculosis,3,Rate,2021,145.8259029943357,190.55094711457807,96.36219927098607
1,Deaths,91,Portugal,3,Both,22,All ages,297,Tuberculosis,3,Rate,2021,1.9874280852320638,2.1853575588933505,1.7417870389212649
1,Deaths,29,Tonga,3,Both,22,All ages,297,Tuberculosis,3,Rate,2021,4.576611004559322,6.297453350460794,3.420710119308721
1,Deaths,47,Czechia,3,Both,22,All ages,297,Tuberculosis,3,Rate,2021,0.3034859498577859,0.3447135487773104,0.26568859394271443
1,Deaths,128,Guatemala,3,Both,22,All ages,297,Tuberculosis,3,Rate,2021,2.824689470304021,3.290320528493821,2.422035372668711
1,Deaths,209,Guinea-Bissau,3,Both,22,All ages,297,Tuberculosis,3,Rate,2021,39.439066925940764,51.14976977316448,27.90463396584885
1,Deaths,176,Comoros,3,Both,22,All ages,297,Tuberculosis,3,Rate,2021,43.595786488218984,60.25497051151305,30.895289106056037
1,Deaths,63,Ukraine,3,Both,22,All ages,297,Tuberculosis,3,Rate,2021,5.56974979018087,7.61536953343486,3.846290112114003
1,Deaths,142,Iran (Islamic Republic of),3,Both,22,All ages,297,Tuberculosis,3,Rate,2021,0.9412651794336483,1.154391672875549,0.791137987334776
1,Deaths,186,Seychelles,3,Both,22,All ages,297,Tuberculosis,3,Rate,2021,3.65201423469919,4.337916389572998,3.077535153189322
1,Deaths,16,Philippines,3,Both,22,All ages,297,Tuberculosis,3,Rate,2021,23.40030483126684,27.886671574551176,19.434649302813515
1,Deaths,195,Namibia,3,Both,22,All ages,297,Tuberculosis,3,Rate,2021,40.97143010385182,60.44536321461815,27.51034781310954
1,Deaths,143,Iraq,3,Both,22,All ages,297,Tuberculosis,3,Rate,2021,2.1690215917283733,2.937390728144895,1.5810862876747729
1,Deaths,78,Denmark,3,Both,22,All ages,297,Tuberculosis,3,Rate,2021,0.33300191686846486,0.36359614104909044,0.2948685463715657
1,Deaths,15,Myanmar,3,Both,22,All ages,297,Tuberculosis,3,Rate,2021,27.740508385728578,37.82326993932494,20.64816821673114
1,Deaths,48,Hungary,3,Both,22,All ages,297,Tuberculosis,3,Rate,2021,0.6443204094085515,0.7191248664770431,0.5640196574589457
1,Deaths,126,Costa Rica,3,Both,22,All ages,297,Tuberculosis,3,Rate,2021,1.1084426202585682,1.2354145672548273,0.9778207048722892
1,Deaths,393,Saint Kitts and Nevis,3,Both,22,All ages,297,Tuberculosis,3,Rate,2021,1.356716745120714,1.6330417851152328,1.1114647309569892
1,Deaths,13,Malaysia,3,Both,22,All ages,297,Tuberculosis,3,Rate,2021,6.146550183133113,7.481728950546028,5.28829906269985
1,Deaths,112,Grenada,3,Both,22,All ages,297,Tuberculosis,3,Rate,2021,0.36175584551609735,0.41032652932225827,0.314714272618902
1,Deaths,187,Somalia,3,Both,22,All ages,297,Tuberculosis,3,Rate,2021,89.87909411950862,158.52106773478394,52.42290607037171
1,Deaths,139,Algeria,3,Both,22,All ages,297,Tuberculosis,3,Rate,2021,3.491007302221116,4.880272192267128,2.512149347356916
1,Deaths,93,Sweden,3,Both,22,All ages,297,Tuberculosis,3,Rate,2021,0.5314188840946633,0.5967208067526929,0.4449006650620087
1,Deaths,113,Guyana,3,Both,22,All ages,297,Tuberculosis,3,Rate,2021,6.36462417605578,8.299496647320083,4.891512928720833
1,Deaths,396,San Marino,3,Both,22,All ages,297,Tuberculosis,3,Rate,2021,0.36794891359201753,0.5101620949196344,0.22460951821970243
1,Deaths,162,Bhutan,3,Both,22,All ages,297,Tuberculosis,3,Rate,2021,13.69812481433985,25.78654069252705,7.073727816655126
1,Deaths,98,Chile,3,Both,22,All ages,297,Tuberculosis,3,Rate,2021,2.305977978043401,2.5129681950570766,2.108585441924927
1,Deaths,161,Bangladesh,3,Both,22,All ages,297,Tuberculosis,3,Rate,2021,18.102783591581865,22.904811942426832,14.050959486912616
1,Deaths,206,Gambia,3,Both,22,All ages,297,Tuberculosis,3,Rate,2021,23.387660612479678,36.09887235657804,16.114992137410983
1,Deaths,131,Nicaragua,3,Both,22,All ages,297,Tuberculosis,3,Rate,2021,3.438142248365276,4.52290333343206,2.8511379288361094
1,Deaths,179,Ethiopia,3,Both,22,All ages,297,Tuberculosis,3,Rate,2021,27.570584463437342,32.88179175869611,23.153010466153432
1,Deaths,81,Germany,3,Both,22,All ages,297,Tuberculosis,3,Rate,2021,0.5422514994727626,0.594642936589861,0.4737872442932327
1,Deaths,129,Honduras,3,Both,22,All ages,297,Tuberculosis,3,Rate,2021,6.561003811980489,8.887212201177881,4.9084570299672405
1,Deaths,172,Equatorial Guinea,3,Both,22,All ages,297,Tuberculosis,3,Rate,2021,12.655222652194334,21.44883095410829,7.337357597799747
1,Deaths,79,Finland,3,Both,22,All ages,297,Tuberculosis,3,Rate,2021,0.8662170769795283,0.9596146116736821,0.7219907821833674
1,Deaths,46,Croatia,3,Both,22,All ages,297,Tuberculosis,3,Rate,2021,1.2994894416787712,1.473797824368717,1.1246510875449196
1,Deaths,114,Haiti,3,Both,22,All ages,297,Tuberculosis,3,Rate,2021,12.400037183892893,41.17392771694311,6.934963932658924
1,Deaths,95,United Kingdom,3,Both,22,All ages,297,Tuberculosis,3,Rate,2021,0.4340298019485056,0.4560016020874767,0.3958817594277142
1,Deaths,214,Nigeria,3,Both,22,All ages,297,Tuberculosis,3,Rate,2021,20.737914860053074,27.515929951124292,14.137644748893205
1,Deaths,196,South Africa,3,Both,22,All ages,297,Tuberculosis,3,Rate,2021,40.38017028383937,46.66817814845343,36.13815745321897
1,Deaths,49,North Macedonia,3,Both,22,All ages,297,Tuberculosis,3,Rate,2021,1.5615833644602184,2.1479040439841413,1.153266159627369
1,Deaths,298,American Samoa,3,Both,22,All ages,297,Tuberculosis,3,Rate,2021,2.2409289480552173,2.8069960118201434,1.8454453426547894
1,Deaths,111,Dominican Republic,3,Both,22,All ages,297,Tuberculosis,3,Rate,2021,6.243969393546719,10.206143336394964,4.3998235370817955
1,Deaths,132,Panama,3,Both,22,All ages,297,Tuberculosis,3,Rate,2021,3.6004308478974436,4.310606487308561,2.865200264720134
1,Deaths,180,Kenya,3,Both,22,All ages,297,Tuberculosis,3,Rate,2021,46.83149230984395,63.56149077011175,27.722296486831898
1,Deaths,82,Greece,3,Both,22,All ages,297,Tuberculosis,3,Rate,2021,1.027524071009388,1.11847631286005,0.902204670762206
1,Deaths,51,Poland,3,Both,22,All ages,297,Tuberculosis,3,Rate,2021,1.1568583239478172,1.2581251201200703,1.0513741060927593
1,Deaths,99,Uruguay,3,Both,22,All ages,297,Tuberculosis,3,Rate,2021,1.623726970430567,1.769920306368336,1.50163153954085
1,Deaths,19,Timor-Leste,3,Both,22,All ages,297,Tuberculosis,3,Rate,2021,45.313168440761274,67.1691966768461,31.81367082954949
1,Deaths,376,Northern Mariana Islands,3,Both,22,All ages,297,Tuberculosis,3,Rate,2021,9.709075850901028,11.84751366226509,8.128105017830345
1,Deaths,213,Niger,3,Both,22,All ages,297,Tuberculosis,3,Rate,2021,25.95640423841731,43.89277433763984,16.791678538871118
1,Deaths,133,Venezuela (Bolivarian Republic of),3,Both,22,All ages,297,Tuberculosis,3,Rate,2021,3.4057600357880213,4.43169624438938,2.53597933104178
1,Deaths,115,Jamaica,3,Both,22,All ages,297,Tuberculosis,3,Rate,2021,0.4782375707001791,0.615593391195968,0.3640062623007642
1,Deaths,35,Georgia,3,Both,22,All ages,297,Tuberculosis,3,Rate,2021,3.1875525500751523,3.625252488316878,2.7702757275016423
1,Deaths,68,Republic of Korea,3,Both,22,All ages,297,Tuberculosis,3,Rate,2021,5.122072063545549,6.12388094759186,4.207049682249094
1,Deaths,67,Japan,3,Both,22,All ages,297,Tuberculosis,3,Rate,2021,3.087368044780953,3.4604677280716696,2.428719210276618
1,Deaths,207,Ghana,3,Both,22,All ages,297,Tuberculosis,3,Rate,2021,23.99175942653566,32.78634175739803,17.29180556872265
1,Deaths,33,Armenia,3,Both,22,All ages,297,Tuberculosis,3,Rate,2021,1.2510958690024956,1.4297605444502233,1.1057854506633444
1,Deaths,422,United States Virgin Islands,3,Both,22,All ages,297,Tuberculosis,3,Rate,2021,0.8947718257495014,1.2312430262151788,0.6421225264583773
1,Deaths,34,Azerbaijan,3,Both,22,All ages,297,Tuberculosis,3,Rate,2021,4.138544188511205,6.245141325528609,3.013212233305142
1,Deaths,66,Brunei Darussalam,3,Both,22,All ages,297,Tuberculosis,3,Rate,2021,3.454725525520471,4.162528702001255,2.860199694622572
1,Deaths,52,Romania,3,Both,22,All ages,297,Tuberculosis,3,Rate,2021,4.279893871801229,4.784991804890487,3.7485021572765973
1,Deaths,349,Greenland,3,Both,22,All ages,297,Tuberculosis,3,Rate,2021,4.789193839708389,5.916843881712868,3.9313414604203163
1,Deaths,184,Mozambique,3,Both,22,All ages,297,Tuberculosis,3,Rate,2021,58.26610951177766,77.02900903429916,40.31272238393833
1,Deaths,181,Madagascar,3,Both,22,All ages,297,Tuberculosis,3,Rate,2021,37.38572915891977,52.35653076427324,26.508954951359645
1,Deaths,165,Pakistan,3,Both,22,All ages,297,Tuberculosis,3,Rate,2021,27.64090706041816,35.23959430564627,19.798091068642467
1,Deaths,416,Tuvalu,3,Both,22,All ages,297,Tuberculosis,3,Rate,2021,36.271255294790606,45.712901973051395,25.670545875648074
1,Deaths,17,Sri Lanka,3,Both,22,All ages,297,Tuberculosis,3,Rate,2021,4.2522738953614185,6.345469994647547,2.8312212083044783
1,Deaths,130,Mexico,3,Both,22,All ages,297,Tuberculosis,3,Rate,2021,1.879544035470442,2.1246524768778268,1.648589051030332
1,Deaths,117,Saint Vincent and the Grenadines,3,Both,22,All ages,297,Tuberculosis,3,Rate,2021,1.5721361533249274,1.7952516248356256,1.390579390614634
1,Deaths,163,India,3,Both,22,All ages,297,Tuberculosis,3,Rate,2021,28.211055729809424,34.907010293759505,24.33673972326691
1,Deaths,20,Viet Nam,3,Both,22,All ages,297,Tuberculosis,3,Rate,2021,19.385022151332947,26.261561932528796,14.991847459647488
1,Deaths,118,Suriname,3,Both,22,All ages,297,Tuberculosis,3,Rate,2021,1.7262971937495297,2.2251085830664654,1.2763308806722033
1,Deaths,140,Bahrain,3,Both,22,All ages,297,Tuberculosis,3,Rate,2021,0.7984790420883521,1.0900324093150329,0.6165239346784986
1,Deaths,146,Lebanon,3,Both,22,All ages,297,Tuberculosis,3,Rate,2021,0.8749444674815411,1.0672478493416342,0.7293628266809669
1,Deaths,351,Guam,3,Both,22,All ages,297,Tuberculosis,3,Rate,2021,5.55463932248393,6.569452950537208,4.721470664330696
1,Deaths,50,Montenegro,3,Both,22,All ages,297,Tuberculosis,3,Rate,2021,1.1090642005410822,1.4415348357505053,0.8533712868247393
1,Deaths,85,Israel,3,Both,22,All ages,297,Tuberculosis,3,Rate,2021,0.29612425595250275,0.3262095309472426,0.25329251641577666
1,Deaths,200,Benin,3,Both,22,All ages,297,Tuberculosis,3,Rate,2021,12.899851976119265,19.617818646040014,9.085868058610586
1,Deaths,136,Paraguay,3,Both,22,All ages,297,Tuberculosis,3,Rate,2021,3.482385808580983,4.69528039610189,2.6167422380223178
1,Deaths,37,Kyrgyzstan,3,Both,22,All ages,297,Tuberculosis,3,Rate,2021,4.826047377609205,5.894925565871274,3.9111908430810742
1,Deaths,36,Kazakhstan,3,Both,22,All ages,297,Tuberculosis,3,Rate,2021,3.0970396350416167,3.5051283550366197,2.724566663295546
1,Deaths,211,Mali,3,Both,22,All ages,297,Tuberculosis,3,Rate,2021,19.770742585031435,28.095518871499465,14.271679259601024
1,Deaths,97,Argentina,3,Both,22,All ages,297,Tuberculosis,3,Rate,2021,1.664618195700463,1.7852378434802654,1.5512074229748294
1,Deaths,148,Morocco,3,Both,22,All ages,297,Tuberculosis,3,Rate,2021,8.268312887693728,17.776819061166638,5.158897446209314
1,Deaths,83,Iceland,3,Both,22,All ages,297,Tuberculosis,3,Rate,2021,0.463770437492928,0.5220497659328456,0.3846320840108389
1,Deaths,119,Trinidad and Tobago,3,Both,22,All ages,297,Tuberculosis,3,Rate,2021,1.1394410227184641,1.4800673328777096,0.8721623250255531
1,Deaths,18,Thailand,3,Both,22,All ages,297,Tuberculosis,3,Rate,2021,13.985922466678316,17.574223367513568,10.929795421077623
1,Deaths,53,Serbia,3,Both,22,All ages,297,Tuberculosis,3,Rate,2021,1.3116482781236396,1.674595844377935,1.027891588686666
1,Deaths,86,Italy,3,Both,22,All ages,297,Tuberculosis,3,Rate,2021,0.4742971239357349,0.5151478670890997,0.40732084033883437
1,Deaths,71,Australia,3,Both,22,All ages,297,Tuberculosis,3,Rate,2021,0.2939288401859412,0.31990077621056534,0.25752244272321073
1,Deaths,6,China,3,Both,22,All ages,297,Tuberculosis,3,Rate,2021,2.623909641595908,3.469922572492891,2.0600421940065736
1,Deaths,435,South Sudan,3,Both,22,All ages,297,Tuberculosis,3,Rate,2021,57.63246879872589,89.40816657572972,39.5453786586397
1,Deaths,38,Mongolia,3,Both,22,All ages,297,Tuberculosis,3,Rate,2021,13.763940871389204,20.955602688304264,9.499505768246548
1,Deaths,212,Mauritania,3,Both,22,All ages,297,Tuberculosis,3,Rate,2021,10.127082918480351,16.66460097304416,6.705171886620247
1,Deaths,101,Canada,3,Both,22,All ages,297,Tuberculosis,3,Rate,2021,0.29988448631048187,0.3275578039220994,0.2695383684021796
1,Deaths,185,Rwanda,3,Both,22,All ages,297,Tuberculosis,3,Rate,2021,27.444255962664702,38.47935816883784,17.488981839734198
1,Deaths,54,Slovakia,3,Both,22,All ages,297,Tuberculosis,3,Rate,2021,0.6004521188908324,0.7550002949542008,0.4766810474747384
1,Deaths,116,Saint Lucia,3,Both,22,All ages,297,Tuberculosis,3,Rate,2021,2.012746144193832,2.4056035572149663,1.6568248945295705
1,Deaths,87,Luxembourg,3,Both,22,All ages,297,Tuberculosis,3,Rate,2021,0.228056171019632,0.2558705718808264,0.19681653198264798
1,Deaths,218,Togo,3,Both,22,All ages,297,Tuberculosis,3,Rate,2021,23.938615871612797,37.96011505276635,16.47962773795524
1,Deaths,75,Austria,3,Both,22,All ages,297,Tuberculosis,3,Rate,2021,0.604760074406309,0.6646786312654825,0.5346874684310648
1,Deaths,69,Singapore,3,Both,22,All ages,297,Tuberculosis,3,Rate,2021,0.9552468144186104,1.049627444583522,0.8462960389409914
1,Deaths,197,Eswatini,3,Both,22,All ages,297,Tuberculosis,3,Rate,2021,57.74920087926962,84.18209929714996,36.44938087513946
1,Deaths,144,Jordan,3,Both,22,All ages,297,Tuberculosis,3,Rate,2021,0.39067807175441,0.5206165243661361,0.30053108013044566
1,Deaths,215,Sao Tome and Principe,3,Both,22,All ages,297,Tuberculosis,3,Rate,2021,8.514284191123119,14.66275423821938,5.905026510892495
1,Deaths,168,Angola,3,Both,22,All ages,297,Tuberculosis,3,Rate,2021,36.79518788704439,49.37196654153886,24.99769256588851
1,Deaths,102,United States of America,3,Both,22,All ages,297,Tuberculosis,3,Rate,2021,0.24106088291877545,0.2551081774934933,0.21865694294125165
1,Deaths,216,Senegal,3,Both,22,All ages,297,Tuberculosis,3,Rate,2021,18.095075461831108,24.66300139923222,13.342418116084492
1,Deaths,201,Burkina Faso,3,Both,22,All ages,297,Tuberculosis,3,Rate,2021,24.377652589718082,32.359699100029644,17.90572151675735
1,Deaths,305,Bermuda,3,Both,22,All ages,297,Tuberculosis,3,Rate,2021,0.05503812478410426,0.06699005390268371,0.046272231525000825
1,Deaths,217,Sierra Leone,3,Both,22,All ages,297,Tuberculosis,3,Rate,2021,27.142195889265622,40.875261293708746,19.81517725751622
1,Deaths,135,Brazil,3,Both,22,All ages,297,Tuberculosis,3,Rate,2021,2.530244043112455,2.6348528788341574,2.408173373198877
1,Deaths,147,Libya,3,Both,22,All ages,297,Tuberculosis,3,Rate,2021,2.4814968187010535,3.787798628236377,1.5409139246765537
1,Deaths,177,Djibouti,3,Both,22,All ages,297,Tuberculosis,3,Rate,2021,32.37769146823721,48.860870520982246,17.81894540519545
1,Deaths,320,Cook Islands,3,Both,22,All ages,297,Tuberculosis,3,Rate,2021,1.5266899109396401,2.009438965519179,1.196315116078445
1,Deaths,149,Palestine,3,Both,22,All ages,297,Tuberculosis,3,Rate,2021,0.5347403794596954,0.8509172332029817,0.3760669179618615
1,Deaths,152,Saudi Arabia,3,Both,22,All ages,297,Tuberculosis,3,Rate,2021,2.9166627960806886,4.500604628595325,2.1074440088160027
1,Deaths,141,Egypt,3,Both,22,All ages,297,Tuberculosis,3,Rate,2021,0.8272813848351119,1.0352679315259,0.6598212179620248
1,Deaths,173,Gabon,3,Both,22,All ages,297,Tuberculosis,3,Rate,2021,23.897571779623327,35.55818084466037,13.656541102944665
1,Deaths,413,Tokelau,3,Both,22,All ages,297,Tuberculosis,3,Rate,2021,5.850479958972588,7.43720252106413,4.434875499833112
1,Deaths,155,Turkey,3,Both,22,All ages,297,Tuberculosis,3,Rate,2021,1.0828337933690222,1.3466898903211473,0.8679825770583905
1,Deaths,189,United Republic of Tanzania,3,Both,22,All ages,297,Tuberculosis,3,Rate,2021,25.561127548736202,35.0324541550887,17.72804320861084
1,Deaths,522,Sudan,3,Both,22,All ages,297,Tuberculosis,3,Rate,2021,3.04093588632048,4.615141837465036,1.8545327742373248
1,Deaths,151,Qatar,3,Both,22,All ages,297,Tuberculosis,3,Rate,2021,0.816711858349688,1.1304207113591986,0.582019483260366
1,Deaths,193,Botswana,3,Both,22,All ages,297,Tuberculosis,3,Rate,2021,32.84651323307379,45.68284918646476,21.05353347971049
1,Deaths,182,Malawi,3,Both,22,All ages,297,Tuberculosis,3,Rate,2021,35.14259437043872,51.57262792193052,22.840374255858354
1,Deaths,160,Afghanistan,3,Both,22,All ages,297,Tuberculosis,3,Rate,2021,27.93315872870314,44.60693895032415,20.413941306434275
1,Deaths,198,Zimbabwe,3,Both,22,All ages,297,Tuberculosis,3,Rate,2021,71.96161387898451,96.17526500070538,45.81620539407996
1,Deaths,164,Nepal,3,Both,22,All ages,297,Tuberculosis,3,Rate,2021,22.073348698752763,30.55250758912314,15.242901221849264
1,Deaths,203,Cabo Verde,3,Both,22,All ages,297,Tuberculosis,3,Rate,2021,10.525601168557767,18.4467660338495,6.884660307403725
1,Deaths,169,Central African Republic,3,Both,22,All ages,297,Tuberculosis,3,Rate,2021,140.87392984111622,191.2747096801745,93.55944160644411
1,Deaths,80,France,3,Both,22,All ages,297,Tuberculosis,3,Rate,2021,1.0981453539116195,1.2156459337400496,0.9201189122369111
1,Deaths,145,Kuwait,3,Both,22,All ages,297,Tuberculosis,3,Rate,2021,0.9984057938522466,1.1889910880630643,0.8288372084524168
1,Deaths,178,Eritrea,3,Both,22,All ages,297,Tuberculosis,3,Rate,2021,69.55866923615001,111.57198611352057,44.811665685922456
1,Deaths,84,Ireland,3,Both,22,All ages,297,Tuberculosis,3,Rate,2021,0.4654504724476791,0.5194593033297429,0.39670635996751524
1,Deaths,150,Oman,3,Both,22,All ages,297,Tuberculosis,3,Rate,2021,0.38036507831511107,0.5746985618263004,0.29242426675477273
1,Deaths,183,Mauritius,3,Both,22,All ages,297,Tuberculosis,3,Rate,2021,1.0896182206011304,1.1541728147476402,0.9989012561075123
6,Incidence,19,Timor-Leste,3,Both,22,All ages,297,Tuberculosis,3,Rate,2021,261.87517134217,288.1632451514,239.53078988911003
6,Incidence,12,Lao People's Democratic Republic,3,Both,22,All ages,297,Tuberculosis,3,Rate,2021,102.88744263294001,117.97689651071,89.46897546964
6,Incidence,35,Georgia,3,Both,22,All ages,297,Tuberculosis,3,Rate,2021,55.54948820731,64.58119714406999,48.18477665536
6,Incidence,28,Solomon Islands,3,Both,22,All ages,297,Tuberculosis,3,Rate,2021,61.56873458564,67.96146919595,55.243958937719995
6,Incidence,37,Kyrgyzstan,3,Both,22,All ages,297,Tuberculosis,3,Rate,2021,75.92352482714999,87.74087949403,65.30209055758
6,Incidence,44,Bosnia and Herzegovina,3,Both,22,All ages,297,Tuberculosis,3,Rate,2021,25.17767236678,29.18582511344,21.54326600256
6,Incidence,30,Vanuatu,3,Both,22,All ages,297,Tuberculosis,3,Rate,2021,51.76636008449999,57.49365949719,46.82156676938
6,Incidence,7,Democratic People's Republic of Korea,3,Both,22,All ages,297,Tuberculosis,3,Rate,2021,300.5580989901,337.41029955756,267.873892166
6,Incidence,23,Kiribati,3,Both,22,All ages,297,Tuberculosis,3,Rate,2021,290.76735726901,320.14900661003,261.93297728837
6,Incidence,41,Uzbekistan,3,Both,22,All ages,297,Tuberculosis,3,Rate,2021,47.53817663511,54.68870886124999,40.82521671891
6,Incidence,14,Maldives,3,Both,22,All ages,297,Tuberculosis,3,Rate,2021,48.925075646290004,56.209123326820006,42.5758681047
6,Incidence,16,Philippines,3,Both,22,All ages,297,Tuberculosis,3,Rate,2021,310.40034665971,346.05788579862997,279.57623627749
6,Incidence,46,Croatia,3,Both,22,All ages,297,Tuberculosis,3,Rate,2021,9.77208640992,11.185193962,8.34029435728
6,Incidence,39,Tajikistan,3,Both,22,All ages,297,Tuberculosis,3,Rate,2021,50.32452814951001,58.87939724246,43.63321591091
6,Incidence,25,Micronesia (Federated States of),3,Both,22,All ages,297,Tuberculosis,3,Rate,2021,76.00791744612,84.03551714551,68.50866473302
6,Incidence,27,Samoa,3,Both,22,All ages,297,Tuberculosis,3,Rate,2021,39.82815909026,44.903183497040004,35.82149597096
6,Incidence,18,Thailand,3,Both,22,All ages,297,Tuberculosis,3,Rate,2021,148.197348221,169.04599903462,127.57689052158999
6,Incidence,34,Azerbaijan,3,Both,22,All ages,297,Tuberculosis,3,Rate,2021,54.502446260789995,65.40045559157,46.39760870965
6,Incidence,6,China,3,Both,22,All ages,297,Tuberculosis,3,Rate,2021,43.41784566648,48.38166750864,38.625902063539996
6,Incidence,43,Albania,3,Both,22,All ages,297,Tuberculosis,3,Rate,2021,12.626947290340002,14.65593439019,10.89183382052
6,Incidence,13,Malaysia,3,Both,22,All ages,297,Tuberculosis,3,Rate,2021,59.4184528195,68.41234719535,51.66986034054
6,Incidence,20,Viet Nam,3,Both,22,All ages,297,Tuberculosis,3,Rate,2021,153.65367307873,166.88580389203,139.85917381624
6,Incidence,22,Fiji,3,Both,22,All ages,297,Tuberculosis,3,Rate,2021,33.11849660818,36.81761973456,29.947720212129997
6,Incidence,36,Kazakhstan,3,Both,22,All ages,297,Tuberculosis,3,Rate,2021,53.60743284334001,63.06305396644,46.178559691320004
6,Incidence,11,Indonesia,3,Both,22,All ages,297,Tuberculosis,3,Rate,2021,174.99501043621999,193.79229423934,156.93395641062
6,Incidence,15,Myanmar,3,Both,22,All ages,297,Tuberculosis,3,Rate,2021,154.92576791612,171.51137592383,139.84549596502998
6,Incidence,38,Mongolia,3,Both,22,All ages,297,Tuberculosis,3,Rate,2021,97.87951568860001,114.10260521065,84.86375716068001
6,Incidence,8,Taiwan (Province of China),3,Both,22,All ages,297,Tuberculosis,3,Rate,2021,43.8797769777,49.79078161711,38.12981050625
6,Incidence,33,Armenia,3,Both,22,All ages,297,Tuberculosis,3,Rate,2021,24.90896318852,28.97029014376,21.58776197425
6,Incidence,45,Bulgaria,3,Both,22,All ages,297,Tuberculosis,3,Rate,2021,16.00807457732,18.426747718,13.64289715314
6,Incidence,29,Tonga,3,Both,22,All ages,297,Tuberculosis,3,Rate,2021,30.346266695749996,33.64387843672,26.86108904218
6,Incidence,51,Poland,3,Both,22,All ages,297,Tuberculosis,3,Rate,2021,14.75595503611,17.410100219569998,12.38634855046
6,Incidence,24,Marshall Islands,3,Both,22,All ages,297,Tuberculosis,3,Rate,2021,336.45101076557,374.34312931113004,300.79408889048
6,Incidence,40,Turkmenistan,3,Both,22,All ages,297,Tuberculosis,3,Rate,2021,46.994750165940005,55.53507882867,39.57260132105
6,Incidence,10,Cambodia,3,Both,22,All ages,297,Tuberculosis,3,Rate,2021,238.41560695518,265.91820495102996,211.24089621463003
6,Incidence,60,Lithuania,3,Both,22,All ages,297,Tuberculosis,3,Rate,2021,37.09111959924,43.29549122807,31.70338705354
6,Incidence,48,Hungary,3,Both,22,All ages,297,Tuberculosis,3,Rate,2021,6.468043311480001,7.48543655814,5.52500011519
6,Incidence,67,Japan,3,Both,22,All ages,297,Tuberculosis,3,Rate,2021,12.23397642766,14.197636483150001,10.38730316656
6,Incidence,53,Serbia,3,Both,22,All ages,297,Tuberculosis,3,Rate,2021,11.49814303971,13.196360752659999,9.86458139303
6,Incidence,17,Sri Lanka,3,Both,22,All ages,297,Tuberculosis,3,Rate,2021,50.98850940446,57.87840875416,44.10272083643
6,Incidence,62,Russian Federation,3,Both,22,All ages,297,Tuberculosis,3,Rate,2021,69.13984446459,84.42748790242,57.738621147539995
6,Incidence,26,Papua New Guinea,3,Both,22,All ages,297,Tuberculosis,3,Rate,2021,108.25190500888999,120.01795758241,97.78659650134
6,Incidence,69,Singapore,3,Both,22,All ages,297,Tuberculosis,3,Rate,2021,35.980697477460005,41.95222438591,30.556008630510004
6,Incidence,55,Slovenia,3,Both,22,All ages,297,Tuberculosis,3,Rate,2021,5.9130604063800005,6.85192673284,5.0574480202
6,Incidence,50,Montenegro,3,Both,22,All ages,297,Tuberculosis,3,Rate,2021,10.64864226202,12.36490118221,9.10208528071
6,Incidence,71,Australia,3,Both,22,All ages,297,Tuberculosis,3,Rate,2021,5.2198279301,6.11033086733,4.45574978145
6,Incidence,76,Belgium,3,Both,22,All ages,297,Tuberculosis,3,Rate,2021,5.918990421179999,6.8568067216,5.1292553393
6,Incidence,83,Iceland,3,Both,22,All ages,297,Tuberculosis,3,Rate,2021,3.7333794792,4.39108835691,3.17749028225
6,Incidence,85,Israel,3,Both,22,All ages,297,Tuberculosis,3,Rate,2021,2.70656848772,3.14283676017,2.33572704702
6,Incidence,57,Belarus,3,Both,22,All ages,297,Tuberculosis,3,Rate,2021,25.692977553779997,30.216051161270002,21.6289451687
6,Incidence,78,Denmark,3,Both,22,All ages,297,Tuberculosis,3,Rate,2021,3.90543580563,4.5640786126799995,3.35271313827
6,Incidence,66,Brunei Darussalam,3,Both,22,All ages,297,Tuberculosis,3,Rate,2021,54.51681557829,62.91119333591,46.953728173580004
6,Incidence,52,Romania,3,Both,22,All ages,297,Tuberculosis,3,Rate,2021,44.11004211674,50.954308842130004,37.70751387067
6,Incidence,54,Slovakia,3,Both,22,All ages,297,Tuberculosis,3,Rate,2021,5.876324278039999,6.875824733690001,5.029329189659999
6,Incidence,87,Luxembourg,3,Both,22,All ages,297,Tuberculosis,3,Rate,2021,7.310871307319999,8.65882391789,6.162634754800001
6,Incidence,47,Czechia,3,Both,22,All ages,297,Tuberculosis,3,Rate,2021,4.65687454496,5.45042463837,4.0049555235000005
6,Incidence,63,Ukraine,3,Both,22,All ages,297,Tuberculosis,3,Rate,2021,70.15527055022,84.78867917544,57.95193720526
6,Incidence,75,Austria,3,Both,22,All ages,297,Tuberculosis,3,Rate,2021,5.19315974388,5.95888293528,4.5218009508799994
6,Incidence,68,Republic of Korea,3,Both,22,All ages,297,Tuberculosis,3,Rate,2021,56.87076993125,65.47026425459,47.905369050379996
6,Incidence,89,Netherlands,3,Both,22,All ages,297,Tuberculosis,3,Rate,2021,3.99109638834,4.58438965553,3.4557824119599996
6,Incidence,59,Latvia,3,Both,22,All ages,297,Tuberculosis,3,Rate,2021,24.741049171929998,29.14116253879,20.90474404224
6,Incidence,61,Republic of Moldova,3,Both,22,All ages,297,Tuberculosis,3,Rate,2021,63.02163988117999,74.57063852083999,53.349081947870005
6,Incidence,80,France,3,Both,22,All ages,297,Tuberculosis,3,Rate,2021,6.03811542436,6.86924011699,5.29517119551
6,Incidence,82,Greece,3,Both,22,All ages,297,Tuberculosis,3,Rate,2021,3.81779720095,4.32143115483,3.34672196033
6,Incidence,77,Cyprus,3,Both,22,All ages,297,Tuberculosis,3,Rate,2021,4.141643139769999,4.80459491401,3.5647362090600003
6,Incidence,92,Spain,3,Both,22,All ages,297,Tuberculosis,3,Rate,2021,5.81486513471,6.76695980042,5.00193796785
6,Incidence,72,New Zealand,3,Both,22,All ages,297,Tuberculosis,3,Rate,2021,6.707568780290001,8.02687900394,5.62478143441
6,Incidence,101,Canada,3,Both,22,All ages,297,Tuberculosis,3,Rate,2021,5.07018152312,5.8346844218,4.37811412323
6,Incidence,108,Belize,3,Both,22,All ages,297,Tuberculosis,3,Rate,2021,19.98697669231,23.31235430146,17.18110177265
6,Incidence,84,Ireland,3,Both,22,All ages,297,Tuberculosis,3,Rate,2021,4.491956108699999,5.20845009796,3.83795781865
6,Incidence,74,Andorra,3,Both,22,All ages,297,Tuberculosis,3,Rate,2021,5.61710884863,6.6983009559,4.68892464938
6,Incidence,49,North Macedonia,3,Both,22,All ages,297,Tuberculosis,3,Rate,2021,16.55703752072,19.17165781361,14.102827745439999
6,Incidence,99,Uruguay,3,Both,22,All ages,297,Tuberculosis,3,Rate,2021,24.99792097686,29.5201023941,21.38610512979
6,Incidence,115,Jamaica,3,Both,22,All ages,297,Tuberculosis,3,Rate,2021,3.39156205565,3.9615451327500004,2.93897066766
6,Incidence,79,Finland,3,Both,22,All ages,297,Tuberculosis,3,Rate,2021,4.11415069851,4.72446828846,3.60247812141
6,Incidence,58,Estonia,3,Both,22,All ages,297,Tuberculosis,3,Rate,2021,13.401707114679999,15.60482760659,11.39812896635
6,Incidence,117,Saint Vincent and the Grenadines,3,Both,22,All ages,297,Tuberculosis,3,Rate,2021,12.29507306387,14.33723185442,10.49093358104
6,Incidence,86,Italy,3,Both,22,All ages,297,Tuberculosis,3,Rate,2021,5.5610432488,6.56301572067,4.72735756575
6,Incidence,105,Antigua and Barbuda,3,Both,22,All ages,297,Tuberculosis,3,Rate,2021,13.29328687791,15.69273295618,11.415439783610001
6,Incidence,94,Switzerland,3,Both,22,All ages,297,Tuberculosis,3,Rate,2021,4.73641576233,5.5424205657600005,4.05736127103
6,Incidence,112,Grenada,3,Both,22,All ages,297,Tuberculosis,3,Rate,2021,8.23264490022,9.63401783706,7.05440503682
6,Incidence,110,Dominica,3,Both,22,All ages,297,Tuberculosis,3,Rate,2021,17.65667555991,20.17063631917,15.3293736889
6,Incidence,119,Trinidad and Tobago,3,Both,22,All ages,297,Tuberculosis,3,Rate,2021,9.772037713929999,11.42851556938,8.33881249185
6,Incidence,131,Nicaragua,3,Both,22,All ages,297,Tuberculosis,3,Rate,2021,28.57672762857,33.04136661315,24.753179203370003
6,Incidence,81,Germany,3,Both,22,All ages,297,Tuberculosis,3,Rate,2021,5.09724923877,5.95266659417,4.38993739863
6,Incidence,88,Malta,3,Both,22,All ages,297,Tuberculosis,3,Rate,2021,20.5728125201,24.89746358346,16.99710289227
6,Incidence,91,Portugal,3,Both,22,All ages,297,Tuberculosis,3,Rate,2021,11.68511732876,13.536091040010001,10.10807295614
6,Incidence,126,Costa Rica,3,Both,22,All ages,297,Tuberculosis,3,Rate,2021,8.284857126310001,9.6416292124,7.1457785534300005
6,Incidence,114,Haiti,3,Both,22,All ages,297,Tuberculosis,3,Rate,2021,73.86385590436001,83.79796194882,65.11402126607
6,Incidence,98,Chile,3,Both,22,All ages,297,Tuberculosis,3,Rate,2021,12.783299969540002,14.85830012887,11.10813764279
6,Incidence,102,United States of America,3,Both,22,All ages,297,Tuberculosis,3,Rate,2021,2.4349781862,2.85123806009,2.0778413703300003
6,Incidence,90,Norway,3,Both,22,All ages,297,Tuberculosis,3,Rate,2021,4.42989815959,5.16251903965,3.7682193277100002
6,Incidence,107,Barbados,3,Both,22,All ages,297,Tuberculosis,3,Rate,2021,4.97759502309,5.80821960521,4.24566436811
6,Incidence,128,Guatemala,3,Both,22,All ages,297,Tuberculosis,3,Rate,2021,16.07871930439,18.2560033342,14.200145827120002
6,Incidence,121,Bolivia (Plurinational State of),3,Both,22,All ages,297,Tuberculosis,3,Rate,2021,68.55730914256,79.63911008823,59.83850849034
6,Incidence,95,United Kingdom,3,Both,22,All ages,297,Tuberculosis,3,Rate,2021,6.69370672955,8.05546456809,5.51234101476
6,Incidence,93,Sweden,3,Both,22,All ages,297,Tuberculosis,3,Rate,2021,6.19758373445,7.463335675410001,5.23840461702
6,Incidence,133,Venezuela (Bolivarian Republic of),3,Both,22,All ages,297,Tuberculosis,3,Rate,2021,23.89311979746,27.452522790539998,20.89293646658
6,Incidence,109,Cuba,3,Both,22,All ages,297,Tuberculosis,3,Rate,2021,5.17316492411,5.99522968046,4.43515763342
6,Incidence,125,Colombia,3,Both,22,All ages,297,Tuberculosis,3,Rate,2021,20.089441796459997,23.333831759229998,17.51602423036
6,Incidence,97,Argentina,3,Both,22,All ages,297,Tuberculosis,3,Rate,2021,14.44341120461,16.9491621485,12.47312788999
6,Incidence,118,Suriname,3,Both,22,All ages,297,Tuberculosis,3,Rate,2021,14.622724761750002,16.75640089021,12.816601838789998
6,Incidence,111,Dominican Republic,3,Both,22,All ages,297,Tuberculosis,3,Rate,2021,45.102290525200004,52.208667855509994,39.036664550219996
6,Incidence,123,Peru,3,Both,22,All ages,297,Tuberculosis,3,Rate,2021,69.50365229463999,82.17390171721,59.957745423389994
6,Incidence,116,Saint Lucia,3,Both,22,All ages,297,Tuberculosis,3,Rate,2021,11.19518287362,13.12058680215,9.597318357
6,Incidence,135,Brazil,3,Both,22,All ages,297,Tuberculosis,3,Rate,2021,32.19585254966,37.621605148629996,27.69196448504
6,Incidence,130,Mexico,3,Both,22,All ages,297,Tuberculosis,3,Rate,2021,17.2952659701,20.13572504762,14.989368223120001
6,Incidence,113,Guyana,3,Both,22,All ages,297,Tuberculosis,3,Rate,2021,39.42383559544,45.65276267129,33.81504259736
6,Incidence,140,Bahrain,3,Both,22,All ages,297,Tuberculosis,3,Rate,2021,13.50206787893,15.9696101885,11.500678067860001
6,Incidence,142,Iran (Islamic Republic of),3,Both,22,All ages,297,Tuberculosis,3,Rate,2021,13.09107946425,14.807440492609999,11.51721980892
6,Incidence,127,El Salvador,3,Both,22,All ages,297,Tuberculosis,3,Rate,2021,35.31440622823,40.73170629151,30.63710190701
6,Incidence,132,Panama,3,Both,22,All ages,297,Tuberculosis,3,Rate,2021,30.76216971046,36.05841103481,26.780797292429998
6,Incidence,147,Libya,3,Both,22,All ages,297,Tuberculosis,3,Rate,2021,26.94106711473,31.63472703779,23.2630694618
6,Incidence,149,Palestine,3,Both,22,All ages,297,Tuberculosis,3,Rate,2021,7.64608093514,8.88297936898,6.5511862366999996
6,Incidence,156,United Arab Emirates,3,Both,22,All ages,297,Tuberculosis,3,Rate,2021,4.87125771099,5.81349868549,4.05692416307
6,Incidence,163,India,3,Both,22,All ages,297,Tuberculosis,3,Rate,2021,208.92716793344002,239.2180292466,183.75904804998999
6,Incidence,106,Bahamas,3,Both,22,All ages,297,Tuberculosis,3,Rate,2021,10.75322422481,12.58558795513,9.24526249058
6,Incidence,122,Ecuador,3,Both,22,All ages,297,Tuberculosis,3,Rate,2021,41.22032941674,48.22520160734,35.26525909253
6,Incidence,129,Honduras,3,Both,22,All ages,297,Tuberculosis,3,Rate,2021,31.08430209203,35.06575050267,27.354566866069998
6,Incidence,144,Jordan,3,Both,22,All ages,297,Tuberculosis,3,Rate,2021,5.2411720944499995,6.139644894120001,4.46091819465
6,Incidence,151,Qatar,3,Both,22,All ages,297,Tuberculosis,3,Rate,2021,23.93204971193,28.920953605679998,20.14300891482
6,Incidence,139,Algeria,3,Both,22,All ages,297,Tuberculosis,3,Rate,2021,40.77397896456,47.32895149104,35.16125431952
6,Incidence,165,Pakistan,3,Both,22,All ages,297,Tuberculosis,3,Rate,2021,148.41373183052002,171.32429524245,129.96441244265
6,Incidence,153,Syrian Arab Republic,3,Both,22,All ages,297,Tuberculosis,3,Rate,2021,9.899588334899999,11.49753389718,8.55831727563
6,Incidence,141,Egypt,3,Both,22,All ages,297,Tuberculosis,3,Rate,2021,8.49961349362,9.64216751904,7.49754523574
6,Incidence,172,Equatorial Guinea,3,Both,22,All ages,297,Tuberculosis,3,Rate,2021,124.76260778748001,142.29361805033,107.95496032003
6,Incidence,136,Paraguay,3,Both,22,All ages,297,Tuberculosis,3,Rate,2021,27.142283339520002,31.354034376330002,23.2560276007
6,Incidence,146,Lebanon,3,Both,22,All ages,297,Tuberculosis,3,Rate,2021,12.70378822862,14.64606374619,11.113120361470001
6,Incidence,160,Afghanistan,3,Both,22,All ages,297,Tuberculosis,3,Rate,2021,107.77786119639,124.44999168513,92.60887941194001
6,Incidence,179,Ethiopia,3,Both,22,All ages,297,Tuberculosis,3,Rate,2021,185.52851396433002,208.47441411818002,163.96295622788
6,Incidence,162,Bhutan,3,Both,22,All ages,297,Tuberculosis,3,Rate,2021,108.63151112730999,126.66571313303,93.31295886688
6,Incidence,169,Central African Republic,3,Both,22,All ages,297,Tuberculosis,3,Rate,2021,447.86780172495,498.35223065227,403.83570228169
6,Incidence,171,Democratic Republic of the Congo,3,Both,22,All ages,297,Tuberculosis,3,Rate,2021,314.26390619333,352.52275532894004,278.86598943907
6,Incidence,143,Iraq,3,Both,22,All ages,297,Tuberculosis,3,Rate,2021,22.15795998219,25.658335225659997,19.168558640969998
6,Incidence,181,Madagascar,3,Both,22,All ages,297,Tuberculosis,3,Rate,2021,209.82762524519998,242.34621130373,181.63678383547
6,Incidence,155,Turkey,3,Both,22,All ages,297,Tuberculosis,3,Rate,2021,12.805234347850002,15.128392788169998,10.87970682988
6,Incidence,176,Comoros,3,Both,22,All ages,297,Tuberculosis,3,Rate,2021,215.33043979547,248.74398985849,186.88541679954
6,Incidence,148,Morocco,3,Both,22,All ages,297,Tuberculosis,3,Rate,2021,68.61131134821001,79.46032444715,59.08844396285
6,Incidence,157,Yemen,3,Both,22,All ages,297,Tuberculosis,3,Rate,2021,18.79621036661,21.403612184009997,16.34418548418
6,Incidence,150,Oman,3,Both,22,All ages,297,Tuberculosis,3,Rate,2021,7.090737417340001,8.2916427769,6.0707242069300005
6,Incidence,173,Gabon,3,Both,22,All ages,297,Tuberculosis,3,Rate,2021,160.09891856672002,183.50674476000998,140.69692263745
6,Incidence,152,Saudi Arabia,3,Both,22,All ages,297,Tuberculosis,3,Rate,2021,37.14195677745,44.83662955565,31.893969725359998
6,Incidence,189,United Republic of Tanzania,3,Both,22,All ages,297,Tuberculosis,3,Rate,2021,139.09494955313,160.66266792646,121.88520053507
6,Incidence,164,Nepal,3,Both,22,All ages,297,Tuberculosis,3,Rate,2021,138.27305938651,157.31117965774,120.86476601916999
6,Incidence,168,Angola,3,Both,22,All ages,297,Tuberculosis,3,Rate,2021,231.86934203745002,261.65842228943,205.76781494972002
6,Incidence,161,Bangladesh,3,Both,22,All ages,297,Tuberculosis,3,Rate,2021,134.29651876175,156.01589752408,116.75832159448001
6,Incidence,145,Kuwait,3,Both,22,All ages,297,Tuberculosis,3,Rate,2021,17.898905103209998,21.2983989592,15.08513064464
6,Incidence,178,Eritrea,3,Both,22,All ages,297,Tuberculosis,3,Rate,2021,391.13172256619,451.73972547490996,344.99225437356
6,Incidence,183,Mauritius,3,Both,22,All ages,297,Tuberculosis,3,Rate,2021,14.846425942669999,17.04070851314,12.92403855777
6,Incidence,175,Burundi,3,Both,22,All ages,297,Tuberculosis,3,Rate,2021,245.68039825055,280.46997729291,215.61152211965
6,Incidence,191,Zambia,3,Both,22,All ages,297,Tuberculosis,3,Rate,2021,196.96099736220998,237.58948193956,163.08163326362
6,Incidence,196,South Africa,3,Both,22,All ages,297,Tuberculosis,3,Rate,2021,477.0823007984,546.86110259354,417.50608658807
6,Incidence,180,Kenya,3,Both,22,All ages,297,Tuberculosis,3,Rate,2021,176.34445755897,201.07429460345998,153.52250816418
6,Incidence,154,Tunisia,3,Both,22,All ages,297,Tuberculosis,3,Rate,2021,23.91428296288,27.86723078283,20.60149104031
6,Incidence,193,Botswana,3,Both,22,All ages,297,Tuberculosis,3,Rate,2021,300.74146635268,373.24713634980003,251.16069354886002
6,Incidence,205,Côte d'Ivoire,3,Both,22,All ages,297,Tuberculosis,3,Rate,2021,119.32030384418,136.52555019491,104.55170820336
6,Incidence,198,Zimbabwe,3,Both,22,All ages,297,Tuberculosis,3,Rate,2021,281.688316889,333.84332171402,240.48569428744
6,Incidence,200,Benin,3,Both,22,All ages,297,Tuberculosis,3,Rate,2021,82.49966286252,92.96847882159,71.66661951961
6,Incidence,212,Mauritania,3,Both,22,All ages,297,Tuberculosis,3,Rate,2021,55.91091254906,64.28867485927,49.361953500220004
6,Incidence,207,Ghana,3,Both,22,All ages,297,Tuberculosis,3,Rate,2021,145.00022079995998,165.3101163629,126.06911229611
6,Incidence,185,Rwanda,3,Both,22,All ages,297,Tuberculosis,3,Rate,2021,146.29042867974,169.83586685132,127.41895770385001
6,Incidence,170,Congo,3,Both,22,All ages,297,Tuberculosis,3,Rate,2021,222.76427374697997,254.76056644006002,195.15705862740998
6,Incidence,214,Nigeria,3,Both,22,All ages,297,Tuberculosis,3,Rate,2021,122.02000037148,137.60572986473,108.12944097341
6,Incidence,182,Malawi,3,Both,22,All ages,297,Tuberculosis,3,Rate,2021,193.46029246404999,228.26906005739,163.17021755231
6,Incidence,184,Mozambique,3,Both,22,All ages,297,Tuberculosis,3,Rate,2021,281.91309979319,328.22529192709,243.89576811984998
6,Incidence,177,Djibouti,3,Both,22,All ages,297,Tuberculosis,3,Rate,2021,193.65890776035002,225.02057195071,166.99691669696
6,Incidence,190,Uganda,3,Both,22,All ages,297,Tuberculosis,3,Rate,2021,176.53383747207,202.16275200771,152.91366193780001
6,Incidence,202,Cameroon,3,Both,22,All ages,297,Tuberculosis,3,Rate,2021,103.16992190513999,117.29702311603,90.35945359944
6,Incidence,197,Eswatini,3,Both,22,All ages,297,Tuberculosis,3,Rate,2021,382.09863380595,478.65866768795,310.32094423660004
6,Incidence,209,Guinea-Bissau,3,Both,22,All ages,297,Tuberculosis,3,Rate,2021,143.67595591622,164.23893814973002,126.36634584717
6,Incidence,195,Namibia,3,Both,22,All ages,297,Tuberculosis,3,Rate,2021,336.65973953537,399.74535905456,288.15582437064
6,Incidence,187,Somalia,3,Both,22,All ages,297,Tuberculosis,3,Rate,2021,357.34879119112,411.2031974005,310.63522385492996
6,Incidence,216,Senegal,3,Both,22,All ages,297,Tuberculosis,3,Rate,2021,100.84877664911,113.91446387133,88.20087617503
6,Incidence,204,Chad,3,Both,22,All ages,297,Tuberculosis,3,Rate,2021,156.72084504088,177.22233547523,137.83314525702
6,Incidence,218,Togo,3,Both,22,All ages,297,Tuberculosis,3,Rate,2021,147.42273593773,169.0759664652,129.04231856438
6,Incidence,211,Mali,3,Both,22,All ages,297,Tuberculosis,3,Rate,2021,111.60071061649,126.50410999188999,97.54675998649999
6,Incidence,305,Bermuda,3,Both,22,All ages,297,Tuberculosis,3,Rate,2021,14.146079672330002,16.87355853624,11.99198081236
6,Incidence,186,Seychelles,3,Both,22,All ages,297,Tuberculosis,3,Rate,2021,33.938462114210004,38.4755661927,29.635720883559998
6,Incidence,369,Nauru,3,Both,22,All ages,297,Tuberculosis,3,Rate,2021,137.14504915247,152.69075656095,121.67758016014001
6,Incidence,206,Gambia,3,Both,22,All ages,297,Tuberculosis,3,Rate,2021,159.23606998528,184.62121942138,139.37492365237
6,Incidence,213,Niger,3,Both,22,All ages,297,Tuberculosis,3,Rate,2021,141.21663900378002,159.95639447719,125.24889601298001
6,Incidence,349,Greenland,3,Both,22,All ages,297,Tuberculosis,3,Rate,2021,90.83073923254001,107.09027613156,77.00828877600999
6,Incidence,215,Sao Tome and Principe,3,Both,22,All ages,297,Tuberculosis,3,Rate,2021,57.18455647353001,66.01707944156999,49.94892999948
6,Incidence,413,Tokelau,3,Both,22,All ages,297,Tuberculosis,3,Rate,2021,34.89004347203,38.94846079787,31.2540871675
6,Incidence,201,Burkina Faso,3,Both,22,All ages,297,Tuberculosis,3,Rate,2021,118.83365314682001,134.14942623193,104.39695798009001
6,Incidence,208,Guinea,3,Both,22,All ages,297,Tuberculosis,3,Rate,2021,115.28101629004,130.77497336987,101.96351700114
6,Incidence,210,Liberia,3,Both,22,All ages,297,Tuberculosis,3,Rate,2021,108.43798885154,123.98146348694,95.29421928234
6,Incidence,376,Northern Mariana Islands,3,Both,22,All ages,297,Tuberculosis,3,Rate,2021,93.30507282543,106.03856486779002,81.43349170702001
6,Incidence,298,American Samoa,3,Both,22,All ages,297,Tuberculosis,3,Rate,2021,14.652101387839998,16.62256962124,13.10484895339
6,Incidence,194,Lesotho,3,Both,22,All ages,297,Tuberculosis,3,Rate,2021,489.17582582908,576.01972950904,421.31744151068
6,Incidence,422,United States Virgin Islands,3,Both,22,All ages,297,Tuberculosis,3,Rate,2021,5.10285543303,5.90606160024,4.32308008869
6,Incidence,203,Cabo Verde,3,Both,22,All ages,297,Tuberculosis,3,Rate,2021,79.07715133001,90.30349178571001,68.34750967935
6,Incidence,385,Puerto Rico,3,Both,22,All ages,297,Tuberculosis,3,Rate,2021,2.9050319481,3.37065172267,2.50789134642
6,Incidence,522,Sudan,3,Both,22,All ages,297,Tuberculosis,3,Rate,2021,36.253966543669996,42.256456509580005,31.472477521360002
6,Incidence,217,Sierra Leone,3,Both,22,All ages,297,Tuberculosis,3,Rate,2021,182.6301809128,208.2220601724,160.01449793379
6,Incidence,396,San Marino,3,Both,22,All ages,297,Tuberculosis,3,Rate,2021,2.50683928647,2.87291749988,2.1701929493999996
6,Incidence,367,Monaco,3,Both,22,All ages,297,Tuberculosis,3,Rate,2021,6.07293037107,6.93577200717,5.25487331403
6,Incidence,351,Guam,3,Both,22,All ages,297,Tuberculosis,3,Rate,2021,40.82143497749,46.42747136296,35.78696909435
6,Incidence,320,Cook Islands,3,Both,22,All ages,297,Tuberculosis,3,Rate,2021,14.33842661015,16.45971663144,12.40137710826
6,Incidence,374,Niue,3,Both,22,All ages,297,Tuberculosis,3,Rate,2021,34.73378839466,38.96888645078,30.801103828409996
6,Incidence,380,Palau,3,Both,22,All ages,297,Tuberculosis,3,Rate,2021,45.14415166932,51.0821209123,39.69625177461
6,Incidence,416,Tuvalu,3,Both,22,All ages,297,Tuberculosis,3,Rate,2021,206.74815479340998,229.85942058915,186.95109909296002
6,Incidence,435,South Sudan,3,Both,22,All ages,297,Tuberculosis,3,Rate,2021,300.98516250533,346.04250505393,264.87922850009
6,Incidence,393,Saint Kitts and Nevis,3,Both,22,All ages,297,Tuberculosis,3,Rate,2021,9.00081758078,10.44136202478,7.71001943815
